{"cameraMode":{"drawMode":0,"name":"Shaded","section":"Shading Mode"},"sceneLighting":true,"audioPlay":false,"sceneViewState":{"showFog":true,"showMaterialUpdate":false,"showSkybox":true,"showFlares":true,"showImageEffects":true,"showParticleSystems":true},"in2DMode":false,"pivot":{"x":-0.145660400390625,"y":0.4161796569824219,"z":-0.145660400390625},"rotation":{"x":0.26494866609573367,"y":-0.3837692141532898,"z":0.11594299226999283,"w":0.8769724369049072},"size":55.445316314697269,"orthographic":true}