{"cameraMode":{"drawMode":0,"name":"Shaded","section":"Shading Mode"},"sceneLighting":true,"audioPlay":false,"sceneViewState":{"showFog":true,"showMaterialUpdate":false,"showSkybox":true,"showFlares":true,"showImageEffects":true,"showParticleSystems":true},"in2DMode":false,"pivot":{"x":28.430465698242189,"y":4.4913330078125,"z":19.491718292236329},"rotation":{"x":0.26494866609573367,"y":-0.3837692141532898,"z":0.11594299226999283,"w":0.8769724369049072},"size":31.908418655395509,"orthographic":true}